title,thumbnail,dl,category
Velvet Smooth Spring Water,https://veenwaters.com/wp-content/uploads/2017/02/2016_12_08_oh_veen_0447_020-188x250.jpg ,https://veenwaters.com/wp-content/uploads/2017/02/2016_12_08_oh_veen_0447_020.jpg,brand-images
Effervescent Gentle Sparkling Water,https://veenwaters.com/wp-content/uploads/2017/02/2016_12_08_oh_veen_0220-188x250.jpg,https://veenwaters.com/wp-content/uploads/2017/02/2016_12_08_oh_veen_0220.jpg,brand-images
Still Packaged Natural Mineral Water,https://veenwaters.com/wp-content/uploads/2020/01/2016_12_08_oh_veen_0117_020-1-187x250.jpg,https://veenwaters.com/wp-content/uploads/2020/01/2016_12_08_oh_veen_0117_020-1.jpg,brand-images
Classic Sparkling Natural Mineral Water,https://veenwaters.com/wp-content/uploads/2017/02/2016_12_15_oh_veen_0110_020-188x250.jpg,https://veenwaters.com/wp-content/uploads/2017/02/2016_12_15_oh_veen_0110_020.jpg,brand-images
Nordic Ginger Ale,https://veenwaters.com/wp-content/uploads/2020/01/2017_03_03_oh_veen_0482_final-188x250.jpg,https://veenwaters.com/wp-content/uploads/2020/01/2017_03_03_oh_veen_0482_final.jpg,brand-images
Nordic Soda Water,https://veenwaters.com/wp-content/uploads/2020/01/2017_03_03_oh_veen_0261_final-188x250.jpg,https://veenwaters.com/wp-content/uploads/2020/01/2017_03_03_oh_veen_0261_final.jpg,brand-images
Nordic Tonic Water,https://veenwaters.com/wp-content/uploads/2020/01/2017_03_03_oh_veen_0384_final-188x250.jpg,https://veenwaters.com/wp-content/uploads/2020/01/2017_03_03_oh_veen_0384_final.jpg,brand-images
Nordic Bitter Lemon,https://veenwaters.com/wp-content/uploads/2020/01/2017_03_03_oh_veen_0311_final-188x250.jpg,https://veenwaters.com/wp-content/uploads/2020/01/2017_03_03_oh_veen_0311_final.jpg,brand-images
Nordic Ginger Ale,https://veenwaters.com/wp-content/uploads/2017/08/2017_05_31_oh_veen_nordic_mixers_0311_020_extended_3000px-230x131.jpg,https://veenwaters.com/wp-content/uploads/2017/08/2017_05_31_oh_veen_nordic_mixers_0311_020_extended_3000px.jpg,brand-images
Nordic Soda Water,https://veenwaters.com/wp-content/uploads/2017/08/2017_05_31_oh_veen_nordic_mixers_0229_020_extended_3000px-230x131.jpg,https://veenwaters.com/wp-content/uploads/2017/08/2017_05_31_oh_veen_nordic_mixers_0229_020_extended_3000px.jpg,brand-images
Nordic Tonic Water,https://veenwaters.com/wp-content/uploads/2017/08/2017_05_31_oh_veen_nordic_mixers_0139_020_extended_3000px-230x131.jpg,https://veenwaters.com/wp-content/uploads/2017/08/2017_05_31_oh_veen_nordic_mixers_0139_020_extended_3000px.jpg,brand-images
Nordic Bitter Lemon,https://veenwaters.com/wp-content/uploads/2017/08/2017_05_31_oh_veen_nordic_mixers_0069_020_extended_3000px-230x131.jpg,https://veenwaters.com/wp-content/uploads/2017/08/2017_05_31_oh_veen_nordic_mixers_0069_020_extended_3000px.jpg,brand-images
Ayurveda Water Saffron,https://veenwaters.com/wp-content/uploads/2017/02/2017_06_21_oh_veen_ayurveda_0199-187x250.jpg,https://veenwaters.com/wp-content/uploads/2017/02/2017_06_21_oh_veen_ayurveda_0199.jpg,brand-images
Ayurveda Water Ginger & Honey,https://veenwaters.com/wp-content/uploads/2017/02/2017_06_21_oh_veen_ayurveda_0423-187x250.jpg,https://veenwaters.com/wp-content/uploads/2017/02/2017_06_21_oh_veen_ayurveda_0423.jpg,brand-images
"Ayurveda Water Blackcurrant, Apple & Mint",https://veenwaters.com/wp-content/uploads/2017/02/2017_06_21_oh_veen_ayurveda_0589-187x250.jpg,https://veenwaters.com/wp-content/uploads/2017/02/2017_06_21_oh_veen_ayurveda_0589.jpg,brand-images
Ayurveda Water Amla & Tulsi,https://veenwaters.com/wp-content/uploads/2017/02/2017_06_21_oh_veen_ayurveda_0823-187x250.jpg,https://veenwaters.com/wp-content/uploads/2017/02/2017_06_21_oh_veen_ayurveda_0823.jpg,brand-images
"Ayurveda Super Shot Pomegranate, Black Pepper & Mint",https://veenwaters.com/wp-content/uploads/2020/01/veen_ayurveda_super_shots_brand_pomegranate-230x153.jpg,https://veenwaters.com/wp-content/uploads/2020/01/veen_ayurveda_super_shots_brand_pomegranate.jpg,brand-images
"Ayurveda Super Shot Beetroot, Ginger & Carrot",https://veenwaters.com/wp-content/uploads/2020/01/veen_ayurveda_super_shots_brand_beetroot-230x153.jpg,https://veenwaters.com/wp-content/uploads/2020/01/veen_ayurveda_super_shots_brand_beetroot.jpg,brand-images
Ayurveda Super Shot Turmeric,https://veenwaters.com/wp-content/uploads/2020/01/veen_ayurveda_super_shots_brand_turmeric-230x153.jpg,https://veenwaters.com/wp-content/uploads/2020/01/veen_ayurveda_super_shots_brand_turmeric.jpg,brand-images
"Ayurveda Super Shot Ginger, Lemon & Grape",https://veenwaters.com/wp-content/uploads/2020/01/veen_ayurveda_super_shots_brand_ginger-230x153.jpg,https://veenwaters.com/wp-content/uploads/2020/01/veen_ayurveda_super_shots_brand_ginger.jpg,brand-images
Ayurveda Super Shot,https://veenwaters.com/wp-content/uploads/2020/06/M1A7353-230x153.jpg,"data-original=""https://veenwaters.com/wp-content/uploads/2020/06/M1A7353-scaled.jpg""",brand-images
Ayurveda Super Shot,https://veenwaters.com/wp-content/uploads/2020/06/M1A7283-230x153.jpg,https://veenwaters.com/wp-content/uploads/2020/06/M1A7283-scaled.jpg,brand-images
Ayurveda Super Shot,https://veenwaters.com/wp-content/uploads/2020/06/M1A7265-230x153.jpg,https://veenwaters.com/wp-content/uploads/2020/06/M1A7265-scaled.jpg,brand-images
Classic Sparkling Natural Mineral Water 0.66l,https://veenwaters.com/wp-content/uploads/2017/02/2017_01_04_oh_veen_0086_classic-187x250.jpg,https://veenwaters.com/wp-content/uploads/2017/02/2017_01_04_oh_veen_0086_classic.jpg,product-images
Velvet Smooth Spring Water 0.66l,https://veenwaters.com/wp-content/uploads/2017/02/2017_01_04_oh_veen_0080_velvet-187x250.jpg,https://veenwaters.com/wp-content/uploads/2017/02/2017_01_04_oh_veen_0080_velvet.jpg,product-images
Effervescent Gentle Sparkling Water 0.66l,https://veenwaters.com/wp-content/uploads/2017/02/2017_01_04_oh_veen_0092_effervescent-187x250.jpg,https://veenwaters.com/wp-content/uploads/2017/02/2017_01_04_oh_veen_0092_effervescent.jpg,product-images
Still Packaged Natural Mineral Water 0.66l,https://veenwaters.com/wp-content/uploads/2017/02/2017_01_04_oh_veen_0098_still-187x250.jpg,https://veenwaters.com/wp-content/uploads/2017/02/2017_01_04_oh_veen_0098_still.jpg,product-images
Effervescent Gentle Sparkling Water 0.33l,https://veenwaters.com/wp-content/uploads/2017/02/2017_01_04_oh_veen_0167_effervescent_s-187x250.jpg,https://veenwaters.com/wp-content/uploads/2017/02/2017_01_04_oh_veen_0167_effervescent_s.jpg,product-images
Classic Sparkling Natural Mineral Water 0.33l,https://veenwaters.com/wp-content/uploads/2017/02/2017_01_04_oh_veen_0166_classic_s-187x250.jpg,https://veenwaters.com/wp-content/uploads/2017/02/2017_01_04_oh_veen_0166_classic_s.jpg,product-images
Velvet Smooth Spring Water 0.33l,https://veenwaters.com/wp-content/uploads/2017/02/2017_01_04_oh_veen_0160_velvet_s-187x250.jpg,https://veenwaters.com/wp-content/uploads/2017/02/2017_01_04_oh_veen_0160_velvet_s.jpg,product-images
Still Packaged Natural Mineral Water 0.33l,https://veenwaters.com/wp-content/uploads/2017/02/2017_01_04_oh_veen_0156_still_s-187x250.jpg,https://veenwaters.com/wp-content/uploads/2017/02/2017_01_04_oh_veen_0156_still_s.jpg,product-images
Ayurveda Waters Range,https://veenwaters.com/wp-content/uploads/2020/01/ayurveda-water-group-230x149.png,https://veenwaters.com/wp-content/uploads/2020/01/ayurveda-water-group.png,product-images
Ayurveda Water Saffron,https://veenwaters.com/wp-content/uploads/2017/02/veen_ayurveda_waters_saffron-188x250.png,https://veenwaters.com/wp-content/uploads/2017/02/veen_ayurveda_waters_saffron.png,product-images
Ayurveda Water Ginger & Honey,https://veenwaters.com/wp-content/uploads/2017/02/veen_ayurveda_waters_gingerhoney-188x250.png,https://veenwaters.com/wp-content/uploads/2017/02/veen_ayurveda_waters_gingerhoney.png,product-images
"Ayurveda Water Blackcurrant, Apple & Mint",https://veenwaters.com/wp-content/uploads/2017/02/veen_ayurveda_waters_blackcurrant_applemint-188x250.png,https://veenwaters.com/wp-content/uploads/2017/02/veen_ayurveda_waters_blackcurrant_applemint.png,product-images
Ayurveda Water Amla & Tulsi,https://veenwaters.com/wp-content/uploads/2017/02/veen_ayurveda_waters_amlatulsi-188x250.png,https://veenwaters.com/wp-content/uploads/2017/02/veen_ayurveda_waters_amlatulsi.png,product-images
Nordic Mixers Range 200 ml,https://veenwaters.com/wp-content/uploads/2017/06/nordic-mixer-group-230x147.jpg,https://veenwaters.com/wp-content/uploads/2017/06/nordic-mixer-group.jpg,product-images
Nordic Bitter Lemon 200 ml,https://veenwaters.com/wp-content/uploads/2019/05/veen_mixers_nordicbitterlemon-188x250.jpg,https://veenwaters.com/wp-content/uploads/2019/05/veen_mixers_nordicbitterlemon.jpg,product-images
Nordic Ginger Ale 200 ml,https://veenwaters.com/wp-content/uploads/2019/05/veen_mixers_nordicgingerale-188x250.jpg,https://veenwaters.com/wp-content/uploads/2019/05/veen_mixers_nordicgingerale.jpg,product-images
Nordic Soda Water 200 ml,https://veenwaters.com/wp-content/uploads/2019/05/veen_mixers_nordicsodawater-188x250.jpg,https://veenwaters.com/wp-content/uploads/2019/05/veen_mixers_nordicsodawater.jpg,product-images
Nordic Tonic Water 200 ml,https://veenwaters.com/wp-content/uploads/2019/05/veen_mixers_nordictonicwater-188x250.jpg,https://veenwaters.com/wp-content/uploads/2019/05/veen_mixers_nordictonicwater.jpg,product-images
"Ayurveda Super Shot Pomegranate, Black Pepper & Mint",https://veenwaters.com/wp-content/uploads/2019/08/veen_ayurveda_super_shots_product_pomegranate-188x250.png,https://veenwaters.com/wp-content/uploads/2019/08/veen_ayurveda_super_shots_product_pomegranate.png,product-images
"Ayurveda Super Shot Beetroot, Ginger & Carrot",https://veenwaters.com/wp-content/uploads/2019/08/veen_ayurveda_super_shots_product_beetroot-188x250.png,https://veenwaters.com/wp-content/uploads/2019/08/veen_ayurveda_super_shots_product_beetroot.png,product-images
"Ayurveda Super Shot Turmeric, Cinnamon & Apple",https://veenwaters.com/wp-content/uploads/2019/08/veen_ayurveda_super_shots_product_turmeric-188x250.png,https://veenwaters.com/wp-content/uploads/2019/08/veen_ayurveda_super_shots_product_turmeric.png,product-images
"Ayurveda Super Shot Ginger, Lemon & Grape",https://veenwaters.com/wp-content/uploads/2019/08/veen_ayurveda_super_shots_product_ginger-188x250.png,https://veenwaters.com/wp-content/uploads/2019/08/veen_ayurveda_super_shots_product_ginger.png,product-images
Ayurveda Water Logo CMYK,https://veenwaters.com/wp-content/uploads/2018/01/Ayurveda_Water_Logo_1600_cmyk-1-230x230.jpg,https://veenwaters.com/wp-content/uploads/2018/01/Ayurveda_Water_Logo_1600_cmyk-1.jpg,logos
Ayurveda Water Logo RGB,https://veenwaters.com/wp-content/uploads/2018/01/Ayurveda_Water_Logo_1600_rgb-1-230x230.jpg,https://veenwaters.com/wp-content/uploads/2018/01/Ayurveda_Water_Logo_1600_rgb-1.jpg,logos
Ayurveda Water Logo Transparent,https://veenwaters.com/wp-content/uploads/2018/01/Ayurveda_Water_Logo_1600_rgb-9-230x230.png,https://veenwaters.com/wp-content/uploads/2018/01/Ayurveda_Water_Logo_1600_rgb-9.png,logos
Nordic Mixers CMYK,https://veenwaters.com/wp-content/uploads/2018/01/Mixers_Logo_cmyk-1-230x230.jpg,https://veenwaters.com/wp-content/uploads/2018/01/Mixers_Logo_cmyk-1.jpg,logos
Nordic Mixers Transparent,https://veenwaters.com/wp-content/uploads/2018/01/Mixers_Logo_rgb-230x230.png,https://veenwaters.com/wp-content/uploads/2018/01/Mixers_Logo_rgb.png,logos
Nordic Mixers White,https://veenwaters.com/wp-content/uploads/2018/01/Mixers_Logo_rgb-230x230.jpg,https://veenwaters.com/wp-content/uploads/2018/01/Mixers_Logo_rgb.jpg,logos
Veen Logo Blue CMYK JPG,https://veenwaters.com/wp-content/uploads/2018/05/VEEN_Logo_TM_BLUE-CMYK-1-230x39.jpg,https://veenwaters.com/wp-content/uploads/2018/05/VEEN_Logo_TM_BLUE-CMYK-1.jpg,logos
Veen Logo Blue RGB JPG,https://veenwaters.com/wp-content/uploads/2018/05/VEEN_Logo_TM_BLUE-RGB-01-1-230x39.jpg,https://veenwaters.com/wp-content/uploads/2018/05/VEEN_Logo_TM_BLUE-RGB-01-1.jpg,logos
Veen Logo Blue RGB JPG,https://veenwaters.com/wp-content/uploads/2018/05/VEEN_Logo_TM_BLUE-RGB-1-230x39.png,https://veenwaters.com/wp-content/uploads/2018/05/VEEN_Logo_TM_BLUE-RGB-1.png,logos
Ayurveda Super Shot Black RGB SVG,https://veenwaters.com/wp-content/uploads/2019/08/veen_ayurveda_super_shot_logo.svg,https://veenwaters.com/wp-content/uploads/2019/08/veen_ayurveda_super_shot_logo.svg,logos
Ayurveda Super Shot White RGB PNG,https://veenwaters.com/wp-content/uploads/2019/12/veen_ayurveda_super_shot_logo-03-230x169.png,https://veenwaters.com/wp-content/uploads/2019/12/veen_ayurveda_super_shot_logo-03.png,logos
Ayurveda Super Shot Black RGB PNG,https://veenwaters.com/wp-content/uploads/2019/12/veen_ayurveda_super_shot_logo-02-230x169.png,https://veenwaters.com/wp-content/uploads/2019/12/veen_ayurveda_super_shot_logo-02.png,logos
Ayurveda Super Shot Blue RGB PNG,https://veenwaters.com/wp-content/uploads/2019/12/veen_ayurveda_super_shot_logo-01-230x169.png,https://veenwaters.com/wp-content/uploads/2019/12/veen_ayurveda_super_shot_logo-01.png,logos
VEEN Nordic Bitter Lemon and Timo Siitonen,https://veenwaters.com/wp-content/uploads/2018/05/VEEN-Nordic-Bitter-Lemon-and-Timo-Siitonen-230x154.jpg,https://veenwaters.com/wp-content/uploads/2018/05/VEEN-Nordic-Bitter-Lemon-and-Timo-Siitonen.jpg,veen-nordic-mixers-images
VEEN Nordic Ginger Ale and creator Timo Siitonen,https://veenwaters.com/wp-content/uploads/2018/05/VEEN-Nordic-Ginger-Ale-and-creator-Timo-Siitonen-167x250.jpg,https://veenwaters.com/wp-content/uploads/2018/05/VEEN-Nordic-Ginger-Ale-and-creator-Timo-Siitonen.jpg,veen-nordic-mixers-images
VEEN Noridic Ginger Ale and Timo Siitonen,https://veenwaters.com/wp-content/uploads/2018/05/VEEN-Noridic-Ginger-Ale-and-Timo-Siitonen-167x250.jpg,https://veenwaters.com/wp-content/uploads/2018/05/VEEN-Noridic-Ginger-Ale-and-Timo-Siitonen.jpg,veen-nordic-mixers-images
Gin & Tonic and Timo Siitonen,https://veenwaters.com/wp-content/uploads/2018/05/Gin-Tonic-and-Timo-Siitonen-167x250.jpg,https://veenwaters.com/wp-content/uploads/2018/05/Gin-Tonic-and-Timo-Siitonen.jpg,veen-nordic-mixers-images
VEEN Nordic Bitter Lemon & A21's Timo Siitonen,https://veenwaters.com/wp-content/uploads/2018/05/VEEN-Nordic-Bitter-Lemon-A21s-Timo-Siitonen--167x250.jpg,https://veenwaters.com/wp-content/uploads/2018/05/VEEN-Nordic-Bitter-Lemon-A21s-Timo-Siitonen-.jpg,veen-nordic-mixers-images
VEEN Nordic Bitter Lemon and creator Timo Siitonen,https://veenwaters.com/wp-content/uploads/2018/05/VEEN-Nordic-Bitter-Lemon-and-creator-Timo-Siitonen-167x250.jpg,https://veenwaters.com/wp-content/uploads/2018/05/VEEN-Nordic-Bitter-Lemon-and-creator-Timo-Siitonen.jpg,veen-nordic-mixers-images
VEEN Nordic Bitter Lemon - refreshingly carbonated,https://veenwaters.com/wp-content/uploads/2018/05/VEEN-Nordic-Bitter-Lemon-refreshingly-carbonated-167x250.jpg,https://veenwaters.com/wp-content/uploads/2018/05/VEEN-Nordic-Bitter-Lemon-refreshingly-carbonated.jpg,veen-nordic-mixers-images
VEEN Nordic Tonic Water drink,https://veenwaters.com/wp-content/uploads/2018/05/VEEN-Nordic-Tonic-Water-drink-167x250.jpg,https://veenwaters.com/wp-content/uploads/2018/05/VEEN-Nordic-Tonic-Water-drink.jpg,veen-nordic-mixers-images
VEEN Nordic Ginger Ale drink,https://veenwaters.com/wp-content/uploads/2018/05/VEEN-Nordic-Ginger-Ale-drink-167x250.jpg,https://veenwaters.com/wp-content/uploads/2018/05/VEEN-Nordic-Ginger-Ale-drink.jpg,veen-nordic-mixers-images
VEEN Nordic Ginger Ale,https://veenwaters.com/wp-content/uploads/2018/05/VEEN-Nordic-Ginger-Ale-167x250.jpg,https://veenwaters.com/wp-content/uploads/2018/05/VEEN-Nordic-Ginger-Ale.jpg,veen-nordic-mixers-images
VEEN Nordic Soda Water,https://veenwaters.com/wp-content/uploads/2018/05/VEEN-Nordic-Soda-Water-167x250.jpg,https://veenwaters.com/wp-content/uploads/2018/05/VEEN-Nordic-Soda-Water.jpg,veen-nordic-mixers-images
VEEN Nordic Tonic Water,https://veenwaters.com/wp-content/uploads/2018/05/VEEN-Nordic-Tonic-Water-167x250.jpg,https://veenwaters.com/wp-content/uploads/2018/05/VEEN-Nordic-Tonic-Water.jpg,veen-nordic-mixers-images
TCG Logo Version RGB V1,/assets/img/logo/TCG-Logo-Versions-RGB-01.png,/assets/img/logo/TCG-Logo-Versions-RGB-01.png,logos
TCG Logo Version RGB V2,/assets/img/logo/TCG-Logo-Versions-RGB-02.png,/assets/img/logo/TCG-Logo-Versions-RGB-02.png,logos
TCG Logo Version RGB V3,/assets/img/logo/TCG-Logo-Versions-RGB-03.png,/assets/img/logo/TCG-Logo-Versions-RGB-03.png,logos
TCG Logo Version RGB V4,/assets/img/logo/TCG-Logo-Versions-RGB-04.png,/assets/img/logo/TCG-Logo-Versions-RGB-04.png,logos
TCG Logo Version RGB V5,/assets/img/logo/TCG-Logo-Versions-RGB-05.png,/assets/img/logo/TCG-Logo-Versions-RGB-05.png,logos
TCG Logo Version RGB V6,/assets/img/logo/TCG-Logo-Versions-RGB-06.png,/assets/img/logo/TCG-Logo-Versions-RGB-06.png,logos
TCG Logo Version RGB V7,/assets/img/logo/TCG-Logo-Versions-RGB-07.png,/assets/img/logo/TCG-Logo-Versions-RGB-07.png,logos
TCG Logo Version RGB V8,/assets/img/logo/TCG-Logo-Versions-RGB-08.png,/assets/img/logo/TCG-Logo-Versions-RGB-08.png,logos
TCG Logo Version RGB V9,/assets/img/logo/TCG-Logo-Versions-RGB-09.png,/assets/img/logo/TCG-Logo-Versions-RGB-09.png,logos
TCG Logo Version RGB V10,/assets/img/logo/TCG-Logo-Versions-RGB-10.png,/assets/img/logo/TCG-Logo-Versions-RGB-10.png,logos
TCG Logo Version RGB V11,/assets/img/logo/TCG-Logo-Versions-RGB-11.png,/assets/img/logo/TCG-Logo-Versions-RGB-11.png,logos
TCG Logo Version RGB V12,/assets/img/logo/TCG-Logo-Versions-RGB-12.png,/assets/img/logo/TCG-Logo-Versions-RGB-12.png,logos
TCG Logo Version RGB V13,/assets/img/logo/TCG-Logo-Versions-RGB-13.png,/assets/img/logo/TCG-Logo-Versions-RGB-13.png,logos
TCG Logo Version RGB V14,/assets/img/logo/TCG-Logo-Versions-RGB-14.png,/assets/img/logo/TCG-Logo-Versions-RGB-14.png,logos
TCG Logo Version RGB V15,/assets/img/logo/TCG-Logo-Versions-RGB-15.png,/assets/img/logo/TCG-Logo-Versions-RGB-15.png,logos
